Clndrs,Volume,Model,origin,Lbs-,Acc+,Mpg+
4,361,82,1,2644,10.0,40
8,403,76,1,1984,16.3,40
8,381,82,1,4450,15.6,20
3,232,70,1,1704,19.0,10
8,421,73,2,4573,8.5,20
8,323,78,1,3015,11.9,20
8,218,70,2,3879,23.7,10
4,392,81,2,2095,20.6,40
4,225,74,3,3645,22.4,40
3,315,73,3,4866,14.9,20
6,350,81,3,4623,14.4,40
3,153,78,2,3117,16.3,10
8,92,74,3,4118,18.1,40
4,156,78,1,1650,21.1,20
8,333,75,3,3047,15.8,30
3,266,82,3,3699,21.8,20
8,98,77,2,3934,17.4,40
8,252,76,2,1606,17.2,30
8,377,70,1,4202,11.0,20
3,352,82,2,1732,22.3,10
3,78,77,1,4688,20.8,20
6,126,82,3,2356,13.9,10
4,151,74,3,2288,19.2,30
8,429,75,2,3540,9.9,30
8,245,76,1,2658,9.8,20
8,80,73,1,3227,10.5,20
8,430,78,3,3347,17.3,20
8,184,78,3,1725,14.7,30
8,100,81,2,2114,24.5,10
6,106,71,2,2820,20.6,40
6,136,70,3,1755,18.0,20
8,157,82,3,4151,16.7,40
4,247,71,1,3948,19.5,40
4,322,71,3,3197,13.0,40
3,236,79,2,2752,8.3,20
6,358,82,1,2988,15.3,30
3,264,78,2,4414,17.1,20
3,441,70,1,2144,10.9,20
6,240,79,3,2645,14.3,30
3,219,73,3,4792,24.2,40
4,366,78,1,2913,8.7,10
8,145,72,2,2069,18.5,40
3,362,78,1,3918,9.4,30
6,221,79,3,2068,15.8,30
3,93,74,1,4113,19.4,10
8,128,82,1,2369,12.1,40
4,129,77,1,4388,12.1,10
8,263,82,3,4951,13.0,30
8,231,71,1,4270,13.4,10
3,221,81,3,2911,15.6,30
8,102,71,2,4063,24.5,10
6,180,82,3,4786,24.7,40
6,202,72,3,2451,13.2,20
6,111,74,1,4685,15.6,30
4,269,74,1,2940,11.2,30
4,241,71,3,4104,17.8,10
4,182,70,1,3245,9.2,10
3,81,80,1,2791,20.8,30
8,310,72,1,3653,21.2,30
3,330,80,1,2335,21.2,20
6,226,71,3,3706,22.2,30
4,175,72,3,4559,8.5,30
4,161,74,2,3801,10.7,20
6,102,80,2,4910,15.3,30
8,345,77,1,3220,22.2,20
6,318,70,3,3306,24.6,10
3,424,75,3,2166,18.1,20
6,211,76,3,3242,10.9,10
4,318,70,1,3765,13.4,40
4,192,75,2,4413,16.1,20
8,242,78,3,4582,23.6,30
4,94,71,3,4243,22.9,20
4,229,74,3,2827,22.4,30
4,429,81,3,3503,18.1,10
8,160,72,2,3347,11.7,10
8,418,76,3,4209,13.9,20
3,338,71,2,4174,9.7,10
4,385,80,3,4468,9.4,20
8,291,76,1,2933,15.4,40
4,131,76,3,3787,14.9,10
6,212,73,2,4670,17.5,20
8,366,70,1,4170,24.5,20
6,175,72,2,2207,17.2,30
6,369,82,2,4399,15.6,20
6,321,76,1,4750,11.6,40
4,215,82,1,4907,8.4,10
6,415,82,3,4259,10.3,30
6,293,78,3,3061,20.9,30
3,133,77,3,3441,14.0,40
6,444,80,3,3616,9.9,40
8,174,78,1,2737,18.8,20
8,377,78,2,4650,20.1,30
4,300,79,3,3774,11.4,10
8,366,76,2,2976,22.6,10
8,451,73,3,4257,12.9,10
8,439,80,1,4195,21.2,40
6,161,82,1,4939,21.2,10
6,205,82,3,3284,22.9,30
4,306,74,2,2294,15.9,10
6,331,71,3,4019,15.2,30
3,406,77,1,2272,16.6,20
3,275,80,3,2729,18.3,20
4,191,75,2,1880,9.3,30
8,331,78,3,1803,10.9,30
6,382,81,1,3207,17.5,20
8,202,79,2,4532,11.8,20
3,388,76,2,3368,23.9,20
6,167,71,3,4599,10.8,40
4,380,74,2,3756,10.8,20
8,254,74,2,2585,10.0,20
6,104,71,1,3226,13.5,10
4,93,70,3,1695,23.1,20
3,323,81,3,4937,20.3,40
6,409,74,1,4111,19.8,10
4,274,73,2,3442,14.4,20
4,190,74,2,3840,17.9,20
8,436,74,2,3632,18.1,20
3,93,70,1,3567,13.4,40
6,170,76,1,4976,20.9,20
3,77,76,1,4323,17.2,40
6,136,71,2,4271,22.3,10
3,344,70,3,2128,8.7,30
3,291,71,1,1713,16.5,20
6,421,73,3,3433,14.6,30
6,398,80,1,2605,9.0,20
6,289,79,3,3894,18.9,10
6,350,76,3,2416,20.1,40
3,435,74,3,4101,20.3,10
6,160,71,1,1840,23.6,40
3,97,80,1,4930,16.7,30
3,230,70,1,3776,8.6,20
8,432,77,1,4617,16.9,10
6,236,71,2,1740,22.6,10
6,230,81,1,2666,21.5,10
6,118,76,1,3659,17.5,30
6,330,82,2,3992,16.2,20
8,338,78,3,3981,19.9,10
6,450,72,1,3116,14.6,30
3,279,75,1,3954,9.1,30
6,283,74,2,3044,12.6,10
3,146,75,3,2933,21.3,10
8,213,77,2,3091,23.8,40
3,366,82,1,2151,8.8,40
6,195,81,3,4658,13.8,30
8,227,77,3,2994,17.0,20
3,145,74,3,2505,17.6,10
4,280,81,3,1805,21.8,30
3,174,74,1,4189,17.7,10
3,181,80,1,3695,22.7,10
6,319,81,2,2500,23.2,40
4,287,77,3,3103,17.3,20
8,441,71,2,3268,11.4,40
8,109,76,3,3689,21.5,40
3,250,77,1,2377,24.3,10
3,224,78,3,2892,24.5,30
8,347,78,2,4068,18.7,30
8,224,72,3,3419,18.0,20
6,395,70,2,4615,19.2,10
6,285,76,2,4299,23.2,10
3,116,70,2,2701,15.9,30
8,242,76,2,4891,10.0,30
4,282,72,1,2304,21.8,30
4,371,82,2,3291,12.4,30
8,423,74,2,2975,21.2,40
4,436,77,2,4533,15.2,10
4,175,72,1,4590,8.4,30
4,315,82,1,3234,19.0,20
3,115,76,3,1808,17.3,40
6,94,80,1,4608,17.4,40
3,205,80,2,2333,16.2,10
4,416,80,1,3196,10.1,40
6,419,78,2,3210,10.0,40
3,146,76,3,4476,11.4,30
8,450,78,2,3617,18.8,20
6,318,71,1,4703,24.8,30
6,98,78,3,3403,13.1,10
4,330,74,2,4492,12.2,20
4,201,73,2,3897,18.7,10
4,281,74,2,3566,19.8,30
8,179,77,2,4053,16.0,30
4,380,82,1,4627,23.0,40
4,99,78,2,3764,19.7,20
6,388,77,2,2951,10.0,20
6,185,71,3,3807,22.1,10
4,420,71,1,3907,11.4,30
8,237,70,1,4965,13.2,20
3,450,73,2,4388,18.6,30
6,377,81,3,3153,8.4,30
6,141,71,2,4753,10.4,10
6,109,71,3,2022,13.1,20
6,341,70,2,1727,9.3,40
6,438,80,3,2591,9.6,30
6,74,78,2,2059,14.0,20
6,277,71,3,3961,18.6,40
8,344,76,2,2498,18.8,20
3,377,78,1,2317,12.1,40
6,349,70,2,3807,12.6,30
8,134,76,3,2024,20.7,10
6,348,78,3,3678,19.6,10
6,298,80,1,2238,9.3,20
