CAR_ID,SYMBOLING,carname,FUELTYPE-,ASPIRATION+,DOORNUMBER+,CARBODY,DRIVEWHEEL+,ENGINELOCATION,WHEELBASE,CARLENGTH,CARWIDTH,CARHEIGHT,CURBWEIGHT,ENGINETYPE,CYLINDERNUMBER,ENGINESIZE,FUELSYSTEM,BORERATIO,STROKE,COMPRESSIONRATIO,HORSEPOWER,PEAKRPM,CITYMPG,HIGHWAYMPG,PRICE+,BRAND,MODEL,POWER_TO_WEIGHT_RATIO,WHEELBASE_SQUARED,CARLENGTH_SQUARED,CARWIDTH_SQUARED,CARHEIGHT_SQUARED,CURBWEIGHT_SQUARED,ENGINESIZE_SQUARED,BORERATIO_SQUARED,STROKE_SQUARED,COMPRESSIONRATIO_SQUARED,HORSEPOWER_SQUARED,PEAKRPM_SQUARED,CITYMPG_SQUARED,HIGHWAYMPG_SQUARED,LOG_ENGINESIZE
1,3,alfa-romero giulia,1,0,1,0,2,0,-1.690771802,-0.426521468,-0.844782352,-2.020417304,-0.014566282,0,2,0.074448925,5,0.519071385,-1.839377337,-0.28834891,0.174482779,-0.262960216,-0.646553028,-0.546058737,13495,1,79,0.043563579,7849.96,28493.44,4108.81,2381.44,6492304,16900,12.0409,7.1824,81,12321,25000000,441,729,4.875197323
2,3,alfa-romero stelvio,1,0,1,0,2,0,-1.690771802,-0.426521468,-0.844782352,-2.020417304,-0.014566282,0,2,0.074448925,5,0.519071385,-1.839377337,-0.28834891,0.174482779,-0.262960216,-0.646553028,-0.546058737,16500,1,123,0.043563579,7849.96,28493.44,4108.81,2381.44,6492304,16900,12.0409,7.1824,81,12321,25000000,441,729,4.875197323
3,1,alfa-romero Quadrifoglio,1,0,1,2,2,0,-0.708595876,-0.231513047,-0.190566121,-0.543527476,0.514881916,5,3,0.604046168,5,-2.404880295,0.68594616,-0.28834891,1.264536428,-0.262960216,-0.953011688,-0.691627061,16500,1,29,0.054551895,8930.25,29309.44,4290.25,2745.76,7969329,23104,7.1824,12.0409,81,23716,25000000,361,676,5.030437921
4,2,audi 100 ls,1,0,0,3,1,0,0.173697752,0.207255902,0.136541994,0.235942156,-0.420797445,3,2,-0.431075716,5,-0.517265919,0.462183319,-0.035972825,-0.053667985,0.787855462,-0.186865037,-0.109353765,13950,2,1,0.0436457,9960.04,31187.56,4382.44,2948.49,5461569,11881,10.1761,11.56,100,10404,30250000,576,900,4.700480366
5,2,audi 100ls,1,0,0,3,0,0,0.107109553,0.207255902,0.230001455,0.235942156,0.516807182,3,1,0.218884537,5,-0.517265919,0.462183319,-0.540724994,0.275883119,0.787855462,-1.106241019,-1.273900356,17450,2,2,0.04072238,9880.36,31187.56,4408.96,2948.49,7974976,18496,10.1761,11.56,64,13225,30250000,324,484,4.919980926
6,2,audi fox,1,0,1,3,1,0,0.173697752,0.264133358,0.183271724,-0.256354454,-0.093502195,3,1,0.218884537,5,-0.517265919,0.462183319,-0.414536952,0.149132694,0.787855462,-0.953011688,-0.837195385,15250,2,74,0.043877144,9960.04,31435.29,4395.69,2819.61,6285049,18496,10.1761,11.56,72.25,12100,30250000,361,625,4.919980926
7,1,audi 100ls,1,0,0,3,1,0,1.172520727,1.515437396,2.566487992,0.8102882,0.555312506,3,1,0.218884537,5,-0.517265919,0.462183319,-0.414536952,0.149132694,0.787855462,-0.953011688,-0.837195385,17710,2,2,0.038677918,11193.64,37133.29,5097.96,3102.49,8088336,18496,10.1761,11.56,72.25,12100,30250000,361,625,4.919980926
8,1,audi 5000,1,0,0,4,1,0,1.172520727,1.515437396,2.566487992,0.8102882,0.767091785,3,1,0.218884537,5,-0.517265919,0.462183319,-0.414536952,0.149132694,0.787855462,-0.953011688,-0.837195385,18920,2,16,0.037237644,11193.64,37133.29,5097.96,3102.49,8726116,18496,10.1761,11.56,72.25,12100,30250000,361,625,4.919980926
9,1,audi 4000,1,1,0,3,1,0,1.172520727,1.515437396,2.566487992,0.892337635,1.02122692,3,1,0.098521527,5,-0.739338199,0.462183319,-0.465012169,0.90963524,0.787855462,-1.259470349,-1.565037004,23875,2,13,0.04536617,11193.64,37133.29,5097.96,3124.81,9523396,17161,9.7969,11.56,68.89,19600,30250000,289,400,4.882801923
10,0,audi 5000s (diesel),1,1,1,2,0,0,0.123756603,0.337261516,0.930947416,-0.707626346,0.957693137,3,1,0.098521527,5,-0.739338199,0.462183319,-0.793101079,1.416636937,0.787855462,-1.412699679,-1.273900356,17859.167,2,17,0.052407468,9900.25,31755.24,4610.41,2704,9320809,17161,9.7969,11.56,49,25600,30250000,256,484,4.882801923
11,2,bmw 320i,1,0,1,3,2,0,0.406756446,0.223506603,-0.517674237,0.235942156,-0.309132007,3,2,-0.455148318,5,0.630107525,-1.455783894,-0.338824127,-0.079018069,1.418344869,-0.340094367,-0.254922089,16430,3,12,0.04217119,10241.44,31258.24,4199.04,2948.49,5736025,11664,12.25,7.84,77.44,10201,33640000,529,841,4.691347882
12,0,bmw 320i,1,0,0,3,2,0,0.406756446,0.223506603,-0.517674237,0.235942156,-0.309132007,3,2,-0.455148318,5,0.630107525,-1.455783894,-0.338824127,-0.079018069,1.418344869,-0.340094367,-0.254922089,16925,3,12,0.04217119,10241.44,31258.24,4199.04,2948.49,5736025,11664,12.25,7.84,77.44,10201,33640000,529,841,4.691347882
13,0,bmw x1,1,0,1,3,2,0,0.406756446,0.223506603,-0.517674237,0.235942156,0.297326838,3,3,0.892917392,5,-0.07312136,-0.209105206,-0.28834891,0.427983628,-1.839183734,-0.646553028,-0.400490413,20970,3,134,0.044649446,10241.44,31258.24,4199.04,2948.49,7344100,26896,10.9561,10.1761,81,14641,18062500,441,784,5.105945474
14,0,bmw x3,1,0,0,3,2,0,0.406756446,0.223506603,-0.517674237,0.235942156,0.403216478,3,3,0.892917392,5,-0.07312136,-0.209105206,-0.28834891,0.427983628,-1.839183734,-0.646553028,-0.400490413,21105,3,135,0.043761302,10241.44,31258.24,4199.04,2948.49,7645225,26896,10.9561,10.1761,81,14641,18062500,441,784,5.105945474
15,1,bmw z4,1,0,0,3,2,0,0.789638586,1.214799413,0.463650109,0.8102882,0.961543669,3,3,0.892917392,5,-0.07312136,-0.209105206,-0.28834891,0.427983628,-1.839183734,-0.799782358,-0.837195385,24565,3,141,0.039607201,10712.25,35721,4475.61,3102.49,9333025,26896,10.9561,10.1761,81,14641,18062500,400,625,5.105945474
16,0,bmw x4,1,0,0,3,2,0,0.789638586,1.214799413,0.463650109,0.8102882,1.29846525,3,3,1.976184481,5,1.074252084,0.430217198,-0.540724994,1.974338804,0.577692327,-1.412699679,-1.273900356,30760,3,136,0.056346749,10712.25,35721,4475.61,3102.49,10432900,43681,13.1044,11.4921,64,33124,29160000,256,484,5.347107531
17,0,bmw x5,1,0,1,3,2,0,0.789638586,1.604816256,0.930947416,-0.010206149,1.587255176,3,3,1.976184481,5,1.074252084,0.430217198,-0.540724994,1.974338804,0.577692327,-1.412699679,-1.273900356,41315,3,137,0.053846154,10712.25,37558.44,4610.41,2883.69,11424400,43681,13.1044,11.4921,64,33124,29160000,256,484,5.347107531
18,0,bmw x3,1,0,0,3,2,0,1.871696809,1.864827485,2.332839338,1.056436505,1.827913448,3,3,1.976184481,5,1.074252084,0.430217198,-0.540724994,1.974338804,0.577692327,-1.565929009,-1.565037004,36880,3,135,0.05192582,12100,38809,5026.81,3169.69,12285025,43681,13.1044,11.4921,64,33124,29160000,225,400,5.347107531
19,2,chevrolet impala,1,0,1,2,1,0,-1.724065901,-2.677243667,-2.62051212,-0.215329736,-2.055348428,2,4,-1.586560611,1,-1.553603223,-0.720563129,-0.162160868,-1.422572567,-0.05279708,3.337409559,3.238717684,5151,5,86,0.032258065,7814.56,19909.21,3636.09,2830.24,2214144,3721,8.4681,9.1809,90.25,2304,26010000,2209,2809,4.127134385
20,1,chevrolet monte carlo,1,0,1,2,1,0,-0.708595876,-1.474691734,-1.078431005,-0.707626346,-1.312195684,3,2,-0.888455154,1,-1.109458665,-0.464834168,-0.136923259,-0.8648707,0.577692327,1.958345587,1.783034445,6295,5,98,0.037353255,8930.25,24304.81,4044.96,2704,3511876,8100,9.1809,9.6721,92.16,4900,29160000,1444,1849,4.510859507
21,0,chevrolet vega 2300,1,0,0,3,1,0,-0.708595876,-1.239056558,-1.078431005,-0.707626346,-1.244811368,3,2,-0.888455154,1,-1.109458665,-0.464834168,-0.136923259,-0.8648707,0.577692327,1.958345587,1.783034445,6575,5,132,0.036668413,8930.25,25217.44,4044.96,2704,3644281,8100,9.1809,9.6721,92.16,4900,29160000,1444,1849,4.510859507
22,1,dodge rampage,1,0,1,2,1,0,-0.841772273,-1.360936822,-0.984971544,-1.199922955,-1.308345152,3,2,-0.888455154,1,-1.331530944,-0.081240725,-0.184874715,-0.91557087,0.787855462,1.805116257,1.491897797,5572,6,112,0.036247335,8779.69,24743.29,4070.44,2580.64,3519376,8100,8.8209,10.4329,88.5481,4624,30250000,1369,1681,4.510859507
23,1,dodge challenger se,1,0,1,2,1,0,-0.841772273,-1.360936822,-0.984971544,-1.199922955,-1.308345152,3,2,-0.888455154,1,-1.331530944,-0.081240725,-0.187398476,-0.91557087,0.787855462,0.885740275,1.055192826,6377,6,43,0.036247335,8779.69,24743.29,4070.44,2580.64,3519376,8100,8.8209,10.4329,88.36,4624,30250000,961,1444,4.510859507
24,1,dodge d200,1,1,1,2,1,0,-0.841772273,-1.360936822,-0.984971544,-1.199922955,-0.823178076,3,2,-0.695874338,5,-1.109458665,0.430217198,-0.641675428,-0.053667985,0.787855462,-0.186865037,-0.109353765,7957,6,66,0.047932331,8779.69,24743.29,4070.44,2580.64,4528384,9604,9.1809,11.4921,57.76,10404,30250000,576,900,4.59511985
25,1,dodge monaco (sw),1,0,0,2,1,0,-0.841772273,-1.360936822,-0.984971544,-1.28197239,-1.13314593,3,2,-0.888455154,1,-1.331530944,-0.081240725,-0.187398476,-0.91557087,0.787855462,0.885740275,1.055192826,6229,6,97,0.034570412,8779.69,24743.29,4070.44,2560.36,3869089,8100,8.8209,10.4329,88.36,4624,30250000,961,1444,4.510859507
26,1,dodge colt hardtop,1,0,0,3,1,0,-0.841772273,-1.360936822,-0.984971544,-1.28197239,-1.090790074,3,2,-0.888455154,1,-1.331530944,-0.081240725,-0.187398476,-0.91557087,0.787855462,0.885740275,1.055192826,6692,6,51,0.034188034,8779.69,24743.29,4070.44,2560.36,3956121,8100,8.8209,10.4329,88.36,4624,30250000,961,1444,4.510859507
27,1,dodge colt (sw),1,0,0,3,1,0,-0.841772273,-1.360936822,-0.984971544,-1.28197239,-1.090790074,3,2,-0.888455154,1,-1.331530944,-0.081240725,-0.187398476,-0.91557087,0.787855462,0.885740275,1.055192826,7609,6,50,0.034188034,8779.69,24743.29,4070.44,2560.36,3956121,8100,8.8209,10.4329,88.36,4624,30250000,961,1444,4.510859507
28,1,dodge coronet custom,1,1,1,3,1,0,-0.841772273,-1.360936822,-0.984971544,-1.28197239,-0.701886307,3,2,-0.695874338,5,-1.109458665,0.430217198,-0.641675428,-0.053667985,0.787855462,-0.186865037,-0.109353765,8558,6,61,0.046554085,8779.69,24743.29,4070.44,2560.36,4800481,9604,9.1809,11.4921,57.76,10404,30250000,576,900,4.59511985
29,-1,dodge dart custom,1,0,0,4,1,0,0.756344487,0.044748884,-0.611133698,2.492301615,-0.039594742,3,2,-0.118131891,1,0.037914779,0.65398004,-0.414536952,-0.408569172,-0.262960216,-0.186865037,-0.109353765,8921,6,67,0.034714004,10670.89,30485.16,4173.16,3576.04,6426225,14884,11.1556,11.9716,72.25,7744,25000000,576,900,4.812184355
30,3,dodge coronet custom (sw),1,1,1,2,1,0,-0.475537182,-0.069006029,0.183271724,-1.44607126,0.491778722,3,2,0.700336576,4,1.00022799,2.060489329,-0.793101079,1.036385664,-0.262960216,-0.953011688,-0.982763709,12964,6,62,0.051583067,9196.81,29998.24,4395.69,2520.04,7901721,24336,12.96,15.21,49,21025,25000000,361,576,5.056245805
31,2,honda civic,1,0,1,2,1,0,-2.023712793,-2.392856386,-0.938241813,-1.199922955,-1.622163539,3,2,-0.84030995,0,-1.553603223,0.494149439,-0.136923259,-1.169071718,-0.683286487,3.64386822,3.384286008,6479,7,44,0.033858727,7499.56,20909.16,4083.21,2580.64,2934369,8464,8.4681,11.6281,92.16,3364,23040000,2401,2916,4.532599493
32,2,honda civic cvcc,1,0,1,2,1,0,-2.023712793,-2.392856386,-0.938241813,-1.199922955,-1.418085324,3,2,-0.84030995,0,-1.553603223,0.494149439,-0.237873693,-0.712770191,1.83867114,0.885740275,1.055192826,6855,7,48,0.041781198,7499.56,20909.16,4083.21,2580.64,3308761,8464,8.4681,11.6281,84.64,5776,36000000,961,1444,4.532599493
33,1,honda civic,1,0,1,2,1,0,-0.841772273,-1.954087437,-0.891512082,-0.461478041,-1.383430533,3,2,-1.153253775,0,-1.553603223,-0.592698648,-0.010735217,-1.118371548,0.787855462,1.958345587,1.637466121,5399,7,44,0.032661949,8779.69,22500,4096,2766.76,3374569,6241,8.4681,9.4249,102.01,3600,30250000,1444,1764,4.382026635
34,1,honda accord cvcc,1,0,1,2,1,0,-0.841772273,-1.954087437,-0.891512082,-0.461478041,-1.185128117,3,2,-0.84030995,0,-1.553603223,0.494149439,-0.237873693,-0.712770191,1.83867114,0.732510945,0.47291953,6529,7,31,0.039175258,8779.69,22500,4096,2766.76,3763600,8464,8.4681,11.6281,84.64,5776,36000000,900,1156,4.532599493
35,1,honda civic cvcc,1,0,1,2,1,0,-0.841772273,-1.954087437,-0.891512082,-0.461478041,-1.154323858,3,2,-0.84030995,0,-1.553603223,0.494149439,-0.237873693,-0.712770191,1.83867114,0.732510945,0.47291953,7129,7,48,0.038854806,8779.69,22500,4096,2766.76,3825936,8464,8.4681,11.6281,84.64,5776,36000000,900,1156,4.532599493
36,0,honda accord lx,1,0,0,3,1,0,-0.375654885,-0.865290417,-0.891512082,0.31799159,-1.050359485,3,2,-0.84030995,0,-1.553603223,0.494149439,-0.237873693,-0.712770191,1.83867114,0.732510945,0.47291953,7295,7,32,0.037810945,9312.25,26699.56,4096,2970.25,4040100,8464,8.4681,11.6281,84.64,5776,36000000,900,1156,4.532599493
37,0,honda civic 1500 gl,1,0,0,4,1,0,-0.375654885,-1.377187523,-0.938241813,1.876930854,-1.023405758,3,2,-0.84030995,0,-1.516591177,0.494149439,-0.237873693,-0.712770191,1.83867114,0.732510945,0.47291953,7295,7,47,0.037549407,9312.25,24680.41,4083.21,3398.89,4096576,8464,8.5264,11.6281,84.64,5776,36000000,900,1156,4.532599493
38,0,honda accord,1,0,1,2,1,0,-0.375654885,-0.53215103,-0.330755314,-0.174305019,-0.615249329,3,2,-0.407003114,0,-0.665314106,1.037573482,-0.28834891,-0.459269342,1.418344869,0.272822954,0.327351206,7895,7,30,0.038461538,9312.25,28056.25,4251.04,2840.89,4999696,12100,9.9225,12.8164,81,7396,33640000,729,1089,4.709530201
39,0,honda civic 1300,1,0,1,2,1,0,-0.375654885,-0.53215103,-0.330755314,-0.174305019,-0.513210222,3,2,-0.407003114,0,-0.665314106,1.037573482,-0.28834891,-0.459269342,1.418344869,0.272822954,0.327351206,9095,7,46,0.037570992,9312.25,28056.25,4251.04,2840.89,5239521,12100,9.9225,12.8164,81,7396,33640000,729,1089,4.709530201
40,0,honda prelude,1,0,0,3,1,0,-0.375654885,0.109751691,-0.330755314,0.153892721,-0.484331229,3,2,-0.407003114,0,-0.665314106,1.037573482,-0.28834891,-0.459269342,1.418344869,0.272822954,0.327351206,8845,7,107,0.037326389,9312.25,30765.16,4251.04,2926.81,5308416,12100,9.9225,12.8164,81,7396,33640000,729,1089,4.709530201
41,0,honda accord,1,0,0,3,1,0,-0.375654885,0.109751691,-1.592458043,0.153892721,-0.353413129,3,2,-0.407003114,0,-0.665314106,1.037573482,-0.28834891,-0.459269342,1.418344869,0.272822954,0.327351206,10295,7,30,0.036256324,9312.25,30765.16,3906.25,2926.81,5626384,12100,9.9225,12.8164,81,7396,33640000,729,1089,4.709530201
42,0,honda civic,1,0,0,3,1,0,-0.375654885,0.109751691,-0.330755314,0.153892721,-0.174363375,3,2,-0.407003114,5,-0.665314106,1.037573482,-0.28834891,-0.079018069,1.418344869,-0.186865037,-0.400490413,12945,7,44,0.040973631,9312.25,30765.16,4251.04,2926.81,6076225,12100,9.9225,12.8164,81,10201,33640000,576,784,4.709530201
43,1,honda civic (auto),1,0,1,3,1,0,-0.375654885,-0.402145416,0.043082532,-1.11787352,-0.505509157,3,2,-0.407003114,1,-0.665314106,1.037573482,-0.263111301,-0.104368154,0.787855462,-0.033635707,0.036214559,10345,7,45,0.04361099,9312.25,28594.81,4356,2601,5257849,12100,9.9225,12.8164,82.81,10000,30250000,625,961,4.709530201
44,0,isuzu MU-X,1,0,0,3,2,0,-0.741889976,-0.272139801,-1.919566159,-0.092255584,-0.420797445,3,2,-0.382930512,1,-0.07312136,-0.081240725,-0.414536952,-0.662070021,-0.683286487,-0.186865037,-0.254922089,6785,8,28,0.033376123,8892.49,29138.49,3819.24,2862.25,5461569,12321,10.9561,10.4329,72.25,6084,23040000,576,841,4.718498871
45,1,isuzu D-Max ,1,0,1,3,1,0,-0.708595876,-1.474691734,-1.078431005,-0.707626346,-1.312195684,3,2,-0.888455154,1,-1.109458665,-0.464834168,-0.136923259,-0.8648707,0.577692327,1.958345587,1.783034445,8916.5,8,26,0.037353255,8930.25,24304.81,4044.96,2704,3511876,8100,9.1809,9.6721,92.16,4900,29160000,1444,1849,4.510859507
46,0,isuzu D-Max V-Cross,1,0,0,3,1,0,-0.708595876,-1.474691734,-1.078431005,-0.707626346,-1.244811368,3,2,-0.888455154,1,-1.109458665,-0.464834168,-0.136923259,-0.8648707,0.577692327,1.958345587,1.783034445,8916.5,8,27,0.036668413,8930.25,24304.81,4044.96,2704,3644281,8100,9.1809,9.6721,92.16,4900,29160000,1444,1849,4.510859507
47,2,isuzu D-Max ,1,0,1,2,2,0,-0.458890133,-0.117758134,-0.330755314,-0.953774651,0.343533227,3,2,-0.190349697,7,0.371023199,-0.081240725,-0.237873693,-0.357869003,-0.262960216,-0.186865037,-0.254922089,11048,8,26,0.0329188,9216,29790.76,4251.04,2641.96,7474756,14161,11.7649,10.4329,84.64,8100,25000000,576,841,4.787491743
48,0,jaguar xj,1,0,0,3,2,0,2.371108296,2.076086608,1.725352839,-0.379428606,2.907987772,0,3,3.155741977,5,1.11126413,2.923574575,-0.515487386,1.822238295,-0.788368055,-1.565929009,-1.710605328,32250,9,139,0.043285785,12769,39840.16,4844.16,2787.84,16532356,66564,13.1769,17.3889,65.61,30976,22562500,225,361,5.556828062
49,0,jaguar xf,1,0,0,3,2,0,2.371108296,2.076086608,1.725352839,-0.379428606,2.907987772,0,3,3.155741977,5,1.11126413,2.923574575,-0.515487386,1.822238295,-0.788368055,-1.565929009,-1.710605328,35550,9,138,0.043285785,12769,39840.16,4844.16,2787.84,16532356,66564,13.1769,17.3889,65.61,30976,22562500,225,361,5.556828062
50,0,jaguar xk,1,0,1,3,2,0,0.539932842,1.434183887,2.192650146,-2.430664479,2.684656896,5,5,4.792678911,5,0.778155711,-1.583648375,0.342591301,4.002345592,-0.262960216,-1.87238767,-2.001741976,36000,9,140,0.066329114,10404,36748.89,4984.36,2284.84,15602500,106276,12.5316,7.6176,132.25,68644,25000000,169,289,5.789960171
51,1,maxda rx3,1,0,1,2,1,0,-0.941654571,-1.214680505,-0.798052621,0.153892721,-1.281391426,3,2,-0.864382552,1,-1.109458665,-0.336969687,-0.28834891,-0.91557087,-0.262960216,0.732510945,0.036214559,5195,10,118,0.035978836,8667.61,25312.81,4121.64,2926.81,3572100,8281,9.1809,9.9225,81,4624,25000000,900,961,4.521788577
52,1,maxda glc deluxe,1,0,1,2,1,0,-0.941654571,-1.214680505,-0.798052621,0.153892721,-1.262138764,3,2,-0.864382552,1,-1.109458665,-0.336969687,-0.28834891,-0.91557087,-0.262960216,0.885740275,1.055192826,6095,10,84,0.035789474,8667.61,25312.81,4121.64,2926.81,3610000,8281,9.1809,9.9225,81,4624,25000000,961,1444,4.521788577
53,1,mazda rx2 coupe,1,0,1,2,1,0,-0.941654571,-1.214680505,-0.798052621,0.153892721,-1.252512433,3,2,-0.864382552,1,-1.109458665,-0.336969687,-0.28834891,-0.91557087,-0.262960216,0.885740275,1.055192826,6795,11,117,0.035695538,8667.61,25312.81,4121.64,2926.81,3629025,8281,9.1809,9.9225,81,4624,25000000,961,1444,4.521788577
54,1,mazda rx-4,1,0,0,3,1,0,-0.941654571,-0.589028486,-0.798052621,0.153892721,-1.175501786,3,2,-0.864382552,1,-1.109458665,-0.336969687,-0.28834891,-0.91557087,-0.262960216,0.885740275,1.055192826,6695,11,115,0.03496144,8667.61,27822.24,4121.64,2926.81,3783025,8281,9.1809,9.9225,81,4624,25000000,961,1444,4.521788577
55,1,mazda glc deluxe,1,0,0,3,1,0,-0.941654571,-0.589028486,-0.798052621,0.153892721,-1.165875455,3,2,-0.864382552,1,-0.924398432,-0.336969687,-0.28834891,-0.91557087,-0.262960216,0.885740275,1.055192826,7395,11,84,0.034871795,8667.61,27822.24,4121.64,2926.81,3802500,8281,9.4864,9.9225,81,4624,25000000,961,1444,4.521788577
56,3,mazda 626,1,0,1,2,2,0,-0.57541948,-0.410270767,-0.09710666,-1.692219565,-0.338011,6,6,-1.369907193,2,0.000902733,-0.001325424,-0.187398476,-0.079018069,1.83867114,-1.259470349,-1.128332032,10945,11,22,0.042436975,9082.09,28561,4316.49,2460.16,5664400,4900,11.0889,10.595025,88.36,10201,36000000,289,529,4.262679877
57,3,mazda glc,1,0,1,2,2,0,-0.57541948,-0.410270767,-0.09710666,-1.692219565,-0.338011,6,6,-1.369907193,2,0.000902733,-0.001325424,-0.187398476,-0.079018069,1.83867114,-1.259470349,-1.128332032,11845,11,80,0.042436975,9082.09,28561,4316.49,2460.16,5664400,4900,11.0889,10.595025,88.36,10201,36000000,289,529,4.262679877
58,3,mazda rx-7 gs,1,0,1,2,2,0,-0.57541948,-0.410270767,-0.09710666,-1.692219565,-0.328384669,6,6,-1.369907193,2,0.000902733,-0.001325424,-0.187398476,-0.079018069,1.83867114,-1.259470349,-1.128332032,13645,11,116,0.042348008,9082.09,28561,4316.49,2460.16,5688225,4900,11.0889,10.595025,88.36,10201,36000000,289,529,4.262679877
59,3,mazda glc 4,1,0,1,2,2,0,-0.57541948,-0.410270767,-0.09710666,-1.692219565,-0.106979059,6,6,-1.129181173,5,0.000902733,-0.001325424,-0.187398476,0.782884816,1.83867114,-1.412699679,-1.128332032,15645,11,81,0.054,9082.09,28561,4316.49,2460.16,6250000,6400,11.0889,10.595025,88.36,18225,36000000,256,529,4.394449155
60,1,mazda 626,1,0,1,2,1,0,0.007227256,0.304760112,0.276731186,-0.010206149,-0.328384669,3,2,-0.118131891,1,0.222975012,0.430217198,-0.389299344,-0.509969512,-0.683286487,0.119593624,0.181782883,8845,11,22,0.035220126,9761.44,31612.84,4422.25,2883.69,5688225,14884,11.4921,11.4921,73.96,7056,23040000,676,1024,4.812184355
61,0,mazda glc custom l,1,0,0,3,1,0,0.007227256,0.304760112,0.276731186,0.728238765,-0.280253014,3,2,-0.118131891,1,0.222975012,0.430217198,-0.389299344,-0.509969512,-0.683286487,0.119593624,0.181782883,8495,11,83,0.034854772,9761.44,31612.84,4422.25,3080.25,5808100,14884,11.4921,11.4921,73.96,7056,23040000,676,1024,4.812184355
62,1,mazda glc custom,1,0,1,2,1,0,0.007227256,0.304760112,0.276731186,-0.010206149,-0.328384669,3,2,-0.118131891,1,0.222975012,0.430217198,-0.389299344,-0.509969512,-0.683286487,0.119593624,0.181782883,10595,11,82,0.035220126,9761.44,31612.84,4422.25,2883.69,5688225,14884,11.4921,11.4921,73.96,7056,23040000,676,1024,4.812184355
63,0,mazda rx-4,1,0,0,3,1,0,0.007227256,0.304760112,0.276731186,0.728238765,-0.280253014,3,2,-0.118131891,1,0.222975012,0.430217198,-0.389299344,-0.509969512,-0.683286487,0.119593624,0.181782883,10245,11,115,0.034854772,9761.44,31612.84,4422.25,3080.25,5808100,14884,11.4921,11.4921,73.96,7056,23040000,676,1024,4.812184355
64,0,mazda glc deluxe,0,0,0,3,1,0,0.007227256,0.304760112,0.276731186,0.728238765,-0.216719231,3,2,-0.118131891,3,0.222975012,0.430217198,3.169203448,-1.016971209,-0.998531191,1.651886926,1.637466121,10795,11,84,0.026197298,9761.44,31612.84,4422.25,3080.25,5968249,14884,11.4921,11.4921,515.29,4096,21622500,1296,1764,4.812184355
65,0,mazda 626,1,0,0,2,1,0,0.007227256,0.304760112,0.276731186,0.728238765,-0.251374022,3,2,-0.118131891,1,0.222975012,0.430217198,-0.389299344,-0.509969512,-0.683286487,0.119593624,0.181782883,11245,11,22,0.034639175,9761.44,31612.84,4422.25,3080.25,5880625,14884,11.4921,11.4921,73.96,7056,23040000,676,1024,4.812184355
66,0,mazda glc,1,0,0,3,2,0,1.02269728,0.077250287,0.089812263,0.276966873,0.220316191,3,2,0.315174945,5,1.592420736,-0.305003567,-0.540724994,0.402633543,-0.262960216,-0.953011688,-0.546058737,18280,11,80,0.04494382,11004.01,30625,4369.21,2959.36,7128900,19600,14.1376,9.9856,64,14400,25000000,361,729,4.94875989
67,0,mazda rx-7 gs,0,0,0,3,2,0,1.02269728,0.077250287,0.089812263,0.276966873,0.278074177,3,2,0.170739333,3,0.371023199,1.229370204,2.992540189,-0.81417053,-1.944265301,0.885740275,1.20076115,18344,11,116,0.026666667,11004.01,30625,4369.21,2959.36,7290000,17956,11.7649,13.2496,484,5184,17640000,961,1521,4.905274778
68,-1,buick electra 225 custom,0,1,0,3,2,0,1.871696809,1.36918108,2.052460954,1.138485939,1.84716611,3,1,1.35029683,3,0.926203897,1.229370204,2.866352147,0.478683797,-1.629020598,-0.493323697,-0.837195385,25552,4,73,0.034992888,12100,36442.81,4942.09,3192.25,12355225,33489,12.8164,13.2496,462.25,15129,18922500,484,625,5.214935758
69,-1,buick century luxus (sw),0,1,0,4,2,0,1.871696809,1.36918108,2.052460954,2.041029723,2.299603661,3,1,1.35029683,3,0.926203897,1.229370204,2.866352147,0.478683797,-1.629020598,-0.493323697,-0.837195385,28248,4,41,0.0328,12100,36442.81,4942.09,3445.69,14062500,33489,12.8164,13.2496,462.25,15129,18922500,484,625,5.214935758
70,0,buick century,0,1,1,1,2,0,1.322344173,1.09291915,2.052460954,0.48209046,1.808660786,3,1,1.35029683,3,0.926203897,1.229370204,2.866352147,0.478683797,-1.629020598,-0.493323697,-0.837195385,28176,4,40,0.035193133,11384.89,35156.25,4942.09,3014.01,12215025,33489,12.8164,13.2496,462.25,15129,18922500,484,625,5.214935758
71,-1,buick skyhawk,0,1,0,3,2,0,2.803931586,2.319847135,2.706677184,1.056436505,2.338108984,3,1,1.35029683,3,0.926203897,1.229370204,2.866352147,0.478683797,-1.629020598,-0.493323697,-0.837195385,31600,4,120,0.032625995,13363.36,41046.76,5140.89,3169.69,14212900,33489,12.8164,13.2496,462.25,15129,18922500,484,625,5.214935758
72,-1,buick opel isuzu deluxe,1,0,0,3,2,0,2.803931586,2.319847135,2.706677184,1.138485939,2.280350999,5,0,2.57799953,5,0.482059338,-0.496800288,-0.465012169,1.289886513,-0.788368055,-1.412699679,-1.856173652,34184,4,102,0.04144385,13363.36,41046.76,5140.89,3192.25,13987600,54756,11.9716,9.61,68.89,24025,22562500,256,324,5.459585514
73,3,buick skylark,1,0,1,0,2,0,-0.359007835,0.507893885,2.145920415,-1.199922955,2.174461359,5,0,2.57799953,5,0.482059338,-0.496800288,-0.465012169,1.289886513,-0.788368055,-1.412699679,-1.856173652,35056,4,121,0.042062415,9331.56,32508.09,4970.25,2580.64,13579225,54756,11.9716,9.61,68.89,24025,22562500,256,324,5.459585514
74,0,buick century special,1,0,0,3,2,0,3.686225214,2.766741435,2.706677184,1.220535374,2.588393587,5,0,4.359372076,5,1.740468922,0.302352718,-0.540724994,2.025038973,-1.313775894,-1.71915834,-2.1473103,40960,4,42,0.047179487,14616.81,43305.61,5140.89,3214.89,15210000,94864,14.44,11.2225,64,33856,20250000,196,256,5.733341277
75,1,buick regal sport coupe (turbo),1,0,1,1,2,0,2.204637801,2.043585205,2.846866376,0.687214047,2.232219345,5,0,4.263081668,5,1.740468922,0.302352718,-0.540724994,2.025038973,-1.313775894,-1.71915834,-2.1473103,45400,4,113,0.049528937,12544,39680.64,5184,3069.16,13801225,92416,14.44,11.2225,64,33856,20250000,196,256,5.720311777
76,1,mercury cougar,1,1,1,2,2,0,0.656462189,0.353512218,0.977677147,0.441065743,0.682380073,3,2,0.315174945,5,1.666444829,-0.432868047,-0.540724994,1.79688821,-0.262960216,-0.953011688,-0.982763709,16503,12,63,0.060137457,10547.29,31826.56,4624,3003.04,8468100,19600,14.2884,9.7344,64,30625,25000000,361,576,4.94875989
77,2,mitsubishi mirage,1,0,1,2,1,0,-0.841772273,-1.360936822,-0.70459316,-1.199922955,-1.227483973,3,2,-0.84030995,1,-1.331530944,-0.081240725,-0.187398476,-0.91557087,0.787855462,1.805116257,1.491897797,5389,13,94,0.035453597,8779.69,24743.29,4147.36,2580.64,3678724,8464,8.8209,10.4329,88.36,4624,30250000,1369,1681,4.532599493
78,2,mitsubishi lancer,1,0,1,2,1,0,-0.841772273,-1.360936822,-0.70459316,-1.199922955,-1.177427052,3,2,-0.84030995,1,-1.331530944,-0.081240725,-0.187398476,-0.91557087,0.787855462,0.885740275,1.055192826,6189,13,89,0.034979424,8779.69,24743.29,4147.36,2580.64,3779136,8464,8.8209,10.4329,88.36,4624,30250000,961,1444,4.532599493
79,2,mitsubishi outlander,1,0,1,2,1,0,-0.841772273,-1.360936822,-0.70459316,-1.199922955,-1.061911082,3,2,-0.84030995,1,-1.331530944,-0.081240725,-0.187398476,-0.91557087,0.787855462,0.885740275,1.055192826,6669,13,104,0.033932136,8779.69,24743.29,4147.36,2580.64,4016016,8464,8.8209,10.4329,88.36,4624,30250000,961,1444,4.532599493
80,1,mitsubishi g4,1,1,1,2,1,0,-0.95830162,-1.360936822,-0.984971544,-1.199922955,-0.790448551,3,2,-0.695874338,6,-1.109458665,0.430217198,-0.641675428,-0.053667985,0.787855462,-0.186865037,-0.109353765,7689,13,78,0.047552448,8649,24743.29,4070.44,2580.64,4601025,9604,9.1809,11.4921,57.76,10404,30250000,576,900,4.59511985
81,3,mitsubishi mirage g4,1,1,1,2,1,0,-0.408948984,-0.085256731,-0.237295852,-1.774269,-0.357263661,3,2,-0.407003114,6,-0.591290012,0.65398004,-0.666913037,0.301233203,0.787855462,-0.340094367,-0.109353765,9959,13,95,0.048945148,9273.69,29929,4277.16,2440.36,5616900,12100,10.0489,11.9716,56.25,13456,30250000,529,900,4.709530201
82,3,mitsubishi g4,1,0,1,2,1,0,-0.408948984,-0.085256731,-0.237295852,-1.774269,-0.438124841,3,2,-0.118131891,1,0.074926826,0.65398004,-0.414536952,-0.408569172,-0.262960216,-0.033635707,0.181782883,8499,13,78,0.037800687,9273.69,29929,4277.16,2440.36,5419584,14884,11.2225,11.9716,72.25,7744,25000000,625,1024,4.812184355
83,3,mitsubishi outlander,1,1,1,2,1,0,-0.475537182,-0.069006029,0.183271724,-1.44607126,0.534134578,3,2,0.700336576,6,0.926203897,1.932624848,-0.793101079,1.036385664,-0.262960216,-0.953011688,-0.982763709,12629,13,104,0.051182492,9196.81,29998.24,4395.69,2520.04,8025889,24336,12.8164,14.8996,49,21025,25000000,361,576,5.056245805
84,3,mitsubishi g4,1,1,1,2,1,0,-0.475537182,-0.069006029,0.183271724,-1.44607126,0.703558001,3,2,0.700336576,6,0.963215944,1.932624848,-0.793101079,1.036385664,-0.262960216,-0.953011688,-0.982763709,14869,13,78,0.049640534,9196.81,29998.24,4395.69,2520.04,8532241,24336,12.8881,14.8996,49,21025,25000000,361,576,5.056245805
85,3,mitsubishi mirage g4,1,1,1,2,1,0,-0.475537182,-0.069006029,0.183271724,-1.44607126,0.713184332,3,2,0.700336576,6,0.963215944,1.932624848,-0.793101079,1.036385664,-0.262960216,-0.953011688,-0.982763709,14489,13,95,0.049555707,9196.81,29998.24,4395.69,2520.04,8561476,24336,12.8881,14.8996,49,21025,25000000,361,576,5.056245805
86,1,mitsubishi montero,1,0,0,3,1,0,-0.408948984,-0.134008836,-0.237295852,-0.871725216,-0.366889992,3,2,-0.118131891,1,0.074926826,0.65398004,-0.414536952,-0.408569172,-0.262960216,-0.033635707,0.181782883,6989,13,99,0.037209302,9273.69,29721.76,4277.16,2662.56,5593225,14884,11.2225,11.9716,72.25,7744,25000000,625,1024,4.812184355
87,1,mitsubishi pajero,1,0,0,3,1,0,-0.408948984,-0.134008836,-0.237295852,-0.871725216,-0.289879345,3,2,-0.118131891,1,0.074926826,0.65398004,-0.414536952,-0.408569172,-0.262960216,-0.033635707,0.181782883,8189,13,105,0.036590437,9273.69,29721.76,4277.16,2662.56,5784025,14884,11.2225,11.9716,72.25,7744,25000000,625,1024,4.812184355
88,1,mitsubishi outlander,1,1,0,3,1,0,-0.408948984,-0.134008836,-0.237295852,-0.871725216,-0.293729878,3,2,-0.407003114,6,-0.591290012,0.65398004,-0.666913037,0.301233203,0.787855462,-0.340094367,-0.109353765,9279,13,104,0.048272992,9273.69,29721.76,4277.16,2662.56,5774409,12100,10.0489,11.9716,56.25,13456,30250000,529,900,4.709530201
89,-1,mitsubishi mirage g4,1,0,0,3,1,0,-0.408948984,-0.134008836,-0.237295852,-0.871725216,-0.293729878,3,2,-0.407003114,6,-0.591290012,0.65398004,-0.666913037,0.301233203,0.787855462,-0.340094367,-0.109353765,9279,13,95,0.048272992,9273.69,29721.76,4277.16,2662.56,5774409,12100,10.0489,11.9716,56.25,13456,30250000,529,900,4.709530201
90,1,Nissan versa,1,0,1,3,1,0,-0.708595876,-0.71090875,-0.984971544,0.31799159,-1.283316692,3,2,-0.71994694,1,-0.665314106,0.110555996,-0.187398476,-0.890220785,0.157366055,0.885740275,0.909624502,5499,0,133,0.036527263,8930.25,27324.09,4070.44,2970.25,3568321,9409,9.9225,10.8241,88.36,4761,27040000,961,1369,4.584967479
91,1,nissan gt-r,0,0,1,3,1,0,-0.708595876,-0.71090875,-0.984971544,0.31799159,-1.036882621,3,2,-0.575511328,3,-1.257506851,0.68594616,2.967302581,-1.245121973,-0.683286487,3.030950899,2.802012712,7099,14,85,0.02726822,8930.25,27324.09,4070.44,2970.25,4068289,10609,8.9401,12.0409,479.61,3025,23040000,2025,2500,4.644390899
92,1,nissan rogue,1,0,1,3,1,0,-0.708595876,-0.71090875,-0.984971544,0.31799159,-1.227483973,3,2,-0.71994694,1,-0.665314106,0.110555996,-0.187398476,-0.890220785,0.157366055,0.885740275,0.909624502,6649,14,114,0.035974974,8930.25,27324.09,4070.44,2970.25,3678724,9409,9.9225,10.8241,88.36,4761,27040000,961,1369,4.584967479
93,1,nissan latio,1,0,0,3,1,0,-0.708595876,-0.71090875,-0.984971544,0.31799159,-1.188978649,3,2,-0.71994694,1,-0.665314106,0.110555996,-0.187398476,-0.890220785,0.157366055,0.885740275,0.909624502,6849,14,90,0.035603715,8930.25,27324.09,4070.44,2970.25,3755844,9409,9.9225,10.8241,88.36,4761,27040000,961,1369,4.584967479
94,1,nissan titan,1,0,0,4,1,0,-0.708595876,-0.312766556,-0.984971544,-0.092255584,-1.023405758,3,2,-0.71994694,1,-0.665314106,0.110555996,-0.187398476,-0.890220785,0.157366055,0.885740275,0.909624502,7349,14,127,0.034090909,8930.25,28968.04,4070.44,2862.25,4096576,9409,9.9225,10.8241,88.36,4761,27040000,961,1369,4.584967479
95,1,nissan leaf,1,0,1,3,1,0,-0.708595876,-0.71090875,-0.984971544,0.31799159,-1.163950189,3,2,-0.71994694,1,-0.665314106,0.110555996,-0.187398476,-0.890220785,0.157366055,0.885740275,0.909624502,7299,14,91,0.035366479,8930.25,27324.09,4070.44,2970.25,3806401,9409,9.9225,10.8241,88.36,4761,27040000,961,1369,4.584967479
96,1,nissan juke,1,0,1,2,1,0,-0.708595876,-0.686532697,-0.984971544,-0.174305019,-1.015704693,3,2,-0.71994694,1,-0.665314106,0.110555996,-0.187398476,-0.890220785,0.157366055,0.885740275,0.909624502,7799,14,87,0.034023669,8930.25,27423.36,4070.44,2840.89,4112784,9409,9.9225,10.8241,88.36,4761,27040000,961,1369,4.584967479
97,1,nissan latio,1,0,0,3,1,0,-0.708595876,-0.71090875,-0.984971544,0.31799159,-1.125444865,3,2,-0.71994694,1,-0.665314106,0.110555996,-0.187398476,-0.890220785,0.157366055,0.885740275,0.909624502,7499,14,90,0.03500761,8930.25,27324.09,4070.44,2970.25,3884841,9409,9.9225,10.8241,88.36,4761,27040000,961,1369,4.584967479
98,1,nissan note,1,0,0,4,1,0,-0.708595876,-0.312766556,-0.984971544,-0.092255584,-0.998377298,3,2,-0.71994694,1,-0.665314106,0.110555996,-0.187398476,-0.890220785,0.157366055,0.885740275,0.909624502,7999,14,100,0.033873343,8930.25,28968.04,4070.44,2862.25,4149369,9409,9.9225,10.8241,88.36,4761,27040000,961,1369,4.584967479
99,2,nissan clipper,1,0,1,1,1,0,-0.608713579,-0.946543926,-0.984971544,-0.174305019,-1.054210017,3,2,-0.71994694,1,-0.665314106,0.110555996,-0.187398476,-0.890220785,0.157366055,0.885740275,0.909624502,8249,14,49,0.03436255,9044.01,26373.76,4070.44,2840.89,4032064,9409,9.9225,10.8241,88.36,4761,27040000,961,1369,4.584967479
100,0,nissan rogue,1,0,0,2,1,0,-0.259125538,-0.052755327,-0.330755314,0.400041025,-0.445825905,3,2,-0.166277095,1,0.000902733,0.68594616,-0.414536952,-0.180418409,0.157366055,0.272822954,0.47291953,8949,14,114,0.041738382,9447.84,30067.56,4251.04,2992.09,5400976,14400,11.0889,12.0409,72.25,9409,27040000,729,1156,4.795790546
101,0,nissan nv200,1,0,0,3,1,0,-0.259125538,-0.052755327,-0.330755314,0.400041025,-0.488181761,3,2,-0.166277095,1,0.000902733,0.68594616,-0.414536952,-0.180418409,0.157366055,0.272822954,0.47291953,9549,14,101,0.042137272,9447.84,30067.56,4251.04,2992.09,5299204,14400,11.0889,12.0409,72.25,9409,27040000,729,1156,4.795790546
102,0,nissan dayz,1,0,0,3,1,0,0.273580049,0.621648797,0.276731186,0.564139895,1.038554316,5,3,1.302151626,5,0.371023199,0.046623756,-0.28834891,1.213836258,0.157366055,-1.259470349,-1.273900356,13499,14,69,0.04911147,10080.16,33014.89,4422.25,3036.01,9579025,32761,11.7649,10.6929,81,23104,27040000,289,484,5.204006687
103,0,nissan fuga,1,0,0,4,1,0,0.273580049,0.857283974,0.276731186,0.97438707,1.425532817,5,3,1.302151626,5,0.371023199,0.046623756,-0.28834891,1.213836258,0.157366055,-1.259470349,-1.273900356,14399,14,75,0.046116505,10080.16,34077.16,4422.25,3147.21,10863616,32761,11.7649,10.6929,81,23104,27040000,289,484,5.204006687
104,0,nissan otti,1,0,0,3,1,0,0.273580049,0.857283974,0.276731186,0.564139895,0.97117,5,3,1.302151626,5,0.371023199,0.046623756,-0.28834891,1.213836258,0.157366055,-0.953011688,-0.837195385,13499,14,103,0.049673203,10080.16,34077.16,4422.25,3036.01,9363600,32761,11.7649,10.6929,81,23104,27040000,361,625,5.204006687
105,3,nissan teana,1,0,1,2,2,0,-1.241301463,-0.272139801,0.930947416,-1.651194847,0.992347928,5,3,1.302151626,5,0.371023199,0.046623756,-0.28834891,1.416636937,0.157366055,-0.953011688,-0.837195385,17199,14,125,0.052100293,8335.69,29138.49,4610.41,2470.09,9431041,32761,11.7649,10.6929,81,25600,27040000,361,625,5.204006687
106,3,nissan kicks,1,1,1,2,2,0,-1.241301463,-0.272139801,0.930947416,-1.651194847,1.123266028,5,3,1.302151626,5,0.371023199,0.046623756,-0.591200211,2.430640331,0.157366055,-1.259470349,-1.128332032,19699,14,88,0.063714559,8335.69,29138.49,4610.41,2470.09,9853321,32761,11.7649,10.6929,60.84,40000,27040000,289,529,5.204006687
107,1,nissan clipper,1,0,1,2,2,0,0.073815454,0.361637569,0.930947416,-1.651194847,1.123266028,5,3,1.302151626,5,0.371023199,0.046623756,-0.28834891,1.416636937,0.157366055,-0.953011688,-0.837195385,18399,14,49,0.050971647,9840.64,31862.25,4610.41,2470.09,9853321,32761,11.7649,10.6929,81,25600,27040000,361,625,5.204006687
108,0,peugeot 504,1,0,0,3,2,0,1.522108768,1.027916342,1.16459607,1.220535374,0.894159353,2,2,-0.166277095,5,0.482059338,-0.209105206,-0.439774561,-0.180418409,-0.262960216,-0.953011688,-0.982763709,11900,15,18,0.032119205,11642.41,34856.89,4678.56,3214.89,9120400,14400,11.9716,10.1761,70.56,9409,25000000,361,576,4.795790546
109,0,peugeot 304,0,1,0,3,2,0,1.522108768,1.027916342,1.16459607,1.220535374,1.234931466,2,2,0.604046168,3,1.370348456,0.845776761,2.740164105,-0.231118578,-2.049346869,0.426052284,0.327351206,13200,15,11,0.029715358,11642.41,34856.89,4678.56,3214.89,10220809,23104,13.69,12.3904,441,9025,17222500,784,1089,5.030437921
110,0,peugeot 504 (sw),1,0,0,4,2,0,2.570872891,2.019209152,1.16459607,2.041029723,1.29846525,2,2,-0.166277095,5,0.482059338,-0.209105206,-0.439774561,-0.180418409,-0.262960216,-0.953011688,-0.982763709,12440,15,19,0.03003096,13041.64,39561.21,4678.56,3445.69,10432900,14400,11.9716,10.1761,70.56,9409,25000000,361,576,4.795790546
111,0,peugeot 504,0,1,0,4,2,0,2.570872891,2.019209152,1.16459607,2.041029723,1.683518485,2,2,0.604046168,3,1.370348456,0.845776761,2.740164105,-0.231118578,-2.049346869,-0.033635707,-0.837195385,13860,15,18,0.027696793,13041.64,39561.21,4678.56,3445.69,11764900,23104,13.69,12.3904,441,9025,17222500,625,625,5.030437921
112,0,peugeot 504,1,0,0,3,2,0,1.522108768,1.027916342,1.16459607,1.220535374,1.000048992,2,2,-0.166277095,5,0.482059338,-3.405717227,-0.439774561,-0.231118578,-0.262960216,-0.953011688,-0.982763709,15580,15,18,0.030894309,11642.41,34856.89,4678.56,3214.89,9455625,14400,11.9716,4.7961,70.56,9025,25000000,361,576,4.795790546
113,0,peugeot 604sl,0,1,0,3,2,0,1.522108768,1.027916342,1.16459607,1.220535374,1.340821105,2,2,0.604046168,3,1.370348456,0.845776761,2.740164105,-0.231118578,-2.049346869,0.426052284,0.327351206,16900,15,21,0.029212792,11642.41,34856.89,4678.56,3214.89,10575504,23104,13.69,12.3904,441,9025,17222500,784,1089,5.030437921
114,0,peugeot 504,1,0,0,4,2,0,2.570872891,2.019209152,1.16459607,1.220535374,1.404354889,2,2,-0.166277095,5,0.482059338,-3.405717227,-0.439774561,-0.231118578,-0.262960216,-0.953011688,-0.982763709,16695,15,18,0.02891933,13041.64,39561.21,4678.56,3214.89,10791225,14400,11.9716,4.7961,70.56,9025,25000000,361,576,4.795790546
115,0,peugeot 505s turbo diesel,0,1,0,4,2,0,2.570872891,2.019209152,1.16459607,2.041029723,1.789408124,2,2,0.604046168,3,1.370348456,0.845776761,2.740164105,-0.231118578,-2.049346869,-0.033635707,-0.837195385,17075,15,20,0.027259684,13041.64,39561.21,4678.56,3445.69,12145225,23104,13.69,12.3904,441,9025,17222500,625,625,5.030437921
116,0,peugeot 504,1,0,0,3,2,0,1.522108768,1.027916342,1.16459607,1.220535374,1.000048992,2,2,-0.166277095,5,0.482059338,-0.209105206,-0.439774561,-0.180418409,-0.262960216,-0.953011688,-0.982763709,16630,15,18,0.031544715,11642.41,34856.89,4678.56,3214.89,9455625,14400,11.9716,10.1761,70.56,9409,25000000,361,576,4.795790546
117,0,peugeot 504,0,1,0,3,2,0,1.522108768,1.027916342,1.16459607,1.220535374,1.340821105,2,2,0.604046168,3,1.370348456,0.845776761,2.740164105,-0.231118578,-2.049346869,0.426052284,0.327351206,17950,15,18,0.029212792,11642.41,34856.89,4678.56,3214.89,10575504,23104,13.69,12.3904,441,9025,17222500,784,1089,5.030437921
118,0,peugeot 604sl,1,1,0,3,2,0,1.538755817,1.027916342,1.117866339,0.933362352,1.105938632,2,2,0.170739333,5,1.037240037,-0.145172965,-0.793101079,0.96033541,0.998018598,-1.106241019,-0.982763709,18150,15,21,0.045367412,11664,34856.89,4664.89,3136,9796900,17956,13.0321,10.3041,49,20164,31360000,324,576,4.905274778
119,1,plymouth fury iii,1,0,1,2,1,0,-0.841772273,-1.360936822,-0.984971544,-1.199922955,-1.227483973,3,2,-0.888455154,1,-1.331530944,-0.081240725,-0.187398476,-0.91557087,0.787855462,1.805116257,1.491897797,5572,16,77,0.035453597,8779.69,24743.29,4070.44,2580.64,3678724,8100,8.8209,10.4329,88.36,4624,30250000,1369,1681,4.510859507
120,1,plymouth cricket,1,1,1,2,1,0,-0.841772273,-1.360936822,-0.984971544,-1.199922955,-0.823178076,3,2,-0.695874338,6,-1.109458665,0.430217198,-0.641675428,-0.053667985,0.787855462,-0.186865037,-0.109353765,7957,16,65,0.047932331,8779.69,24743.29,4070.44,2580.64,4528384,9604,9.1809,11.4921,57.76,10404,30250000,576,900,4.59511985
121,1,plymouth fury iii,1,0,0,2,1,0,-0.841772273,-1.360936822,-0.984971544,-1.28197239,-1.13314593,3,2,-0.888455154,1,-1.331530944,-0.081240725,-0.187398476,-0.91557087,0.787855462,0.885740275,1.055192826,6229,16,77,0.034570412,8779.69,24743.29,4070.44,2560.36,3869089,8100,8.8209,10.4329,88.36,4624,30250000,961,1444,4.510859507
122,1,plymouth satellite custom (sw),1,0,0,3,1,0,-0.841772273,-0.548401732,-0.984971544,-1.199922955,-1.090790074,3,2,-0.888455154,1,-1.331530944,-0.081240725,-0.187398476,-0.91557087,0.787855462,0.885740275,1.055192826,6692,16,119,0.034188034,8779.69,27989.29,4070.44,2580.64,3956121,8100,8.8209,10.4329,88.36,4624,30250000,961,1444,4.510859507
123,1,plymouth fury gran sedan,1,0,0,3,1,0,-0.841772273,-0.548401732,-0.984971544,-1.199922955,-0.701886307,3,2,-0.695874338,1,-1.331530944,-0.081240725,-0.187398476,-0.91557087,0.787855462,0.885740275,1.055192826,7609,16,76,0.031036057,8779.69,27989.29,4070.44,2580.64,4800481,9604,8.8209,10.4329,88.36,4624,30250000,961,1444,4.59511985
124,-1,plymouth valiant,1,0,0,4,1,0,0.756344487,0.044748884,-0.611133698,2.492301615,-0.039594742,3,2,-0.118131891,1,0.074926826,0.65398004,-0.414536952,-0.408569172,-0.262960216,-0.186865037,-0.109353765,8921,16,131,0.034714004,10670.89,30485.16,4173.16,3576.04,6426225,14884,11.2225,11.9716,72.25,7744,25000000,576,900,4.812184355
125,3,plymouth duster,1,1,1,2,2,0,-0.475537182,-0.069006029,0.183271724,-1.44607126,0.505255585,3,2,0.700336576,6,0.963215944,1.932624848,-0.793101079,1.036385664,-0.262960216,-0.953011688,-0.982763709,12764,16,72,0.051454933,9196.81,29998.24,4395.69,2520.04,7941124,24336,12.8881,14.8996,49,21025,25000000,361,576,5.056245805
126,3,porsche macan,1,0,1,2,2,0,-0.708595876,-0.418396117,1.117866339,-1.44607126,0.428244938,3,2,0.579973566,5,2.258637574,-0.464834168,-0.162160868,0.985685494,0.787855462,-0.953011688,-0.546058737,22018,18,92,0.051475882,8930.25,28527.21,4664.89,2520.04,7717284,22801,15.5236,9.6721,90.25,20449,30250000,361,729,5.023880521
127,3,porcshce panamera,1,0,1,1,2,1,-1.540948356,-0.418396117,-0.424214775,-0.871725216,0.385889082,4,3,1.615095451,5,1.518396643,-1.136122692,-0.162160868,2.608090925,1.628508005,-1.259470349,-0.837195385,32528,17,106,0.075108853,8010.25,28527.21,4225,2662.56,7595536,37636,13.9876,8.41,90.25,42849,34810000,289,625,5.272999559
128,3,porsche cayenne,1,0,1,1,2,1,-1.540948356,-0.418396117,-0.424214775,-0.871725216,0.385889082,4,3,1.615095451,5,1.518396643,-1.136122692,-0.162160868,2.608090925,1.628508005,-1.259470349,-0.837195385,34028,18,37,0.075108853,8010.25,28527.21,4225,2662.56,7595536,37636,13.9876,8.41,90.25,42849,34810000,289,625,5.272999559
129,3,porsche boxter,1,0,1,0,2,1,-1.540948356,-0.418396117,-0.424214775,-0.871725216,0.470600794,4,3,1.615095451,5,1.518396643,-1.136122692,-0.162160868,2.608090925,1.628508005,-1.259470349,-0.837195385,37028,18,34,0.073928571,8010.25,28527.21,4225,2662.56,7840000,37636,13.9876,8.41,90.25,42849,34810000,289,625,5.272999559
130,1,porsche cayenne,1,0,1,2,2,0,-0.059360943,0.134127744,2.987055569,-1.322997108,1.560301449,1,0,1.831748869,5,2.258637574,-0.464834168,-0.035972825,4.661447798,1.313263301,-1.259470349,-0.400490413,31400.5,18,37,0.085561497,9682.56,30870.49,5227.29,2550.25,11329956,41209,15.5236,9.6721,100,82944,33062500,289,784,5.318119994
131,0,renault 12tl,1,0,0,4,1,0,-0.442243083,0.605398096,0.276731186,0.605164613,0.045116969,3,2,0.122594129,5,0.482059338,2.060489329,-0.364061735,-0.357869003,-0.05279708,-0.340094367,0.036214559,9295,19,4,0.034897247,9235.21,32942.25,4422.25,3047.04,6651241,17424,11.9716,15.21,75.69,8100,26010000,529,961,4.890349128
132,2,renault 5 gtl,1,0,1,2,1,0,-0.442243083,0.223506603,0.323460917,-1.322997108,-0.183989706,3,2,0.122594129,5,0.482059338,2.060489329,-0.364061735,-0.357869003,-0.05279708,-0.340094367,0.036214559,9895,19,15,0.036585366,9235.21,31258.24,4435.56,2550.25,6051600,17424,11.9716,15.21,75.69,8100,26010000,529,961,4.890349128
133,3,saab 99e,1,0,1,2,1,0,0.057168404,1.019790991,0.276731186,0.97438707,0.197212997,3,2,-0.142204493,5,0.778155711,-0.592698648,-0.210112324,0.149132694,0.262447623,-0.646553028,-0.400490413,11850,20,23,0.0413845,9820.81,34819.56,4422.25,3147.21,7064964,14641,12.5316,9.4249,86.6761,12100,27562500,441,784,4.804021045
134,2,saab 99le,1,0,0,3,1,0,0.057168404,1.019790991,0.276731186,0.97438707,0.268447846,3,2,-0.142204493,5,0.778155711,-0.592698648,-0.212636084,0.149132694,0.262447623,-0.646553028,-0.400490413,12170,20,25,0.040816327,9820.81,34819.56,4422.25,3147.21,7263025,14641,12.5316,9.4249,86.49,12100,27562500,441,784,4.804021045
135,3,saab 99le,1,0,1,2,1,0,0.057168404,1.019790991,0.276731186,0.97438707,0.29155104,3,2,-0.142204493,5,-2.923048947,-3.78931067,-0.212636084,0.149132694,0.262447623,-0.646553028,-0.400490413,15040,20,25,0.04063539,9820.81,34819.56,4422.25,3147.21,7327849,14641,6.4516,4.2849,86.49,12100,27562500,441,784,4.804021045
136,2,saab 99gle,1,0,0,3,1,0,0.057168404,1.019790991,0.276731186,0.97438707,0.389739615,3,2,-0.142204493,5,0.778155711,-0.592698648,-0.212636084,0.149132694,0.262447623,-0.646553028,-0.400490413,15510,20,24,0.039883974,9820.81,34819.56,4422.25,3147.21,7606564,14641,12.5316,9.4249,86.49,12100,27562500,441,784,4.804021045
137,3,saab 99gle,1,1,1,2,1,0,0.057168404,1.019790991,0.276731186,0.97438707,0.486002924,0,2,-0.142204493,5,0.778155711,-0.592698648,-0.28834891,1.416636937,0.787855462,-0.953011688,-0.691627061,18150,20,24,0.056980057,9820.81,34819.56,4422.25,3147.21,7884864,14641,12.5316,9.4249,81,25600,30250000,361,676,4.804021045
138,2,saab 99e,1,1,0,3,1,0,0.057168404,1.019790991,0.276731186,0.97438707,0.561088304,0,2,-0.142204493,5,0.778155711,-0.592698648,-0.28834891,1.416636937,0.787855462,-0.953011688,-0.691627061,18620,20,23,0.056199508,9820.81,34819.56,4422.25,3147.21,8105409,14641,12.5316,9.4249,81,25600,30250000,361,676,4.804021045
139,2,subaru,1,0,1,2,1,0,-0.841772273,-1.393438225,-1.171890467,-0.010206149,-0.973348838,4,2,-0.71994694,1,1.074252084,-2.862293184,-0.28834891,-0.890220785,-0.473123352,0.885740275,0.764056178,5118,21,0,0.033658537,8779.69,24617.61,4019.56,2883.69,4202500,9409,13.1044,5.5696,81,4761,24010000,961,1296,4.584967479
140,2,subaru dl,1,0,1,2,1,0,-0.841772273,-1.312184716,-1.078431005,-0.010206149,-0.838580205,4,2,-0.455148318,1,1.074252084,-1.967241818,-0.364061735,-0.788820445,-1.52393903,0.119593624,0.036214559,7053,21,71,0.034433962,8779.69,24932.41,4044.96,2883.69,4494400,11664,13.1044,6.9696,75.69,5329,19360000,676,961,4.691347882
141,2,subaru dl,1,0,1,2,0,0,-0.908360471,-1.360936822,-0.984971544,0.8102882,-0.607548264,4,2,-0.455148318,1,1.074252084,-1.967241818,-0.364061735,-0.788820445,-1.52393903,0.119593624,0.036214559,7603,21,71,0.032589286,8704.89,24743.29,4070.44,3102.49,5017600,11664,13.1044,6.9696,75.69,5329,19360000,676,961,4.691347882
142,0,subaru,1,0,0,3,1,0,-0.259125538,-0.16651024,-0.237295852,-0.502502759,-0.790448551,4,2,-0.455148318,1,1.074252084,-1.967241818,-0.162160868,-0.560669682,-0.683286487,1.038969605,0.909624502,7126,21,0,0.038228438,9447.84,29584,4277.16,2756.25,4601025,11664,13.1044,6.9696,90.25,6724,23040000,1024,1369,4.691347882
143,0,subaru brz,1,0,0,3,1,0,-0.259125538,-0.16651024,-0.237295852,-0.502502759,-0.703811573,4,2,-0.455148318,1,1.074252084,-1.967241818,-0.162160868,-0.560669682,-1.52393903,0.426052284,0.327351206,7775,21,35,0.037442922,9447.84,29584,4277.16,2756.25,4796100,11664,13.1044,6.9696,90.25,6724,19360000,784,1089,4.691347882
144,0,subaru baja,1,0,0,3,1,0,-0.259125538,-0.16651024,-0.237295852,-0.502502759,-0.415021647,4,2,-0.455148318,5,1.074252084,-1.967241818,-0.28834891,-0.256468663,0.157366055,0.119593624,0.181782883,9960,21,33,0.04017094,9447.84,29584,4277.16,2756.25,5475600,11664,13.1044,6.9696,81,8836,27040000,676,1024,4.691347882
145,0,subaru r1,1,0,0,3,0,0,-0.292419637,-0.16651024,-0.237295852,0.235942156,-0.328384669,4,2,-0.455148318,1,1.074252084,-1.967241818,-0.28834891,-0.560669682,-0.683286487,-0.186865037,-0.837195385,9233,21,108,0.034381551,9409,29584,4277.16,2948.49,5688225,11664,13.1044,6.9696,81,6724,23040000,576,625,4.691347882
146,0,subaru r2,1,1,0,3,0,0,-0.292419637,-0.16651024,-0.237295852,0.235942156,-0.087726397,4,2,-0.455148318,5,1.074252084,-1.967241818,-0.61643782,0.174482779,-0.683286487,-0.186865037,-0.254922089,11259,21,109,0.044223108,9409,29584,4277.16,2948.49,6300100,11664,13.1044,6.9696,59.29,12321,23040000,576,841,4.691347882
147,0,subaru trezia,1,0,0,4,1,0,-0.292419637,-0.044629976,-0.237295852,-0.297379171,-0.511284955,4,2,-0.455148318,1,1.074252084,-1.967241818,-0.28834891,-0.560669682,-0.683286487,0.426052284,0.181782883,7463,21,128,0.03580786,9409,30102.25,4277.16,2809,5244100,11664,13.1044,6.9696,81,6724,23040000,784,1024,4.691347882
148,0,subaru tribeca,1,0,0,4,1,0,-0.292419637,-0.044629976,-0.237295852,-0.297379171,-0.193616036,4,2,-0.455148318,5,1.074252084,-1.967241818,-0.28834891,-0.256468663,0.157366055,-0.033635707,0.036214559,10198,21,129,0.038289206,9409,30102.25,4277.16,2809,6027025,11664,13.1044,6.9696,81,8836,27040000,625,961,4.691347882
149,0,subaru dl,1,0,0,4,0,0,-0.309066686,-0.036504625,-0.237295852,0.48209046,-0.261000353,4,2,-0.455148318,1,1.074252084,-1.967241818,-0.28834891,-0.560669682,-0.683286487,-0.340094367,-0.254922089,8013,21,71,0.033884298,9389.61,30136.96,4277.16,3014.01,5856400,11664,13.1044,6.9696,81,6724,23040000,529,841,4.691347882
150,0,subaru dl,1,1,0,4,0,0,-0.309066686,-0.036504625,-0.237295852,0.48209046,0.181810868,4,2,-0.455148318,5,1.074252084,-1.967241818,-0.61643782,0.174482779,-0.683286487,-0.340094367,-1.128332032,11694,21,71,0.041886792,9389.61,30136.96,4277.16,3014.01,7022500,11664,13.1044,6.9696,59.29,12321,23040000,529,529,4.691347882
151,1,toyota corona mark ii,1,0,1,2,1,0,-0.508831281,-1.247181909,-1.078431005,0.31799159,-1.098491139,3,2,-0.84030995,1,-1.035434571,-0.720563129,-0.28834891,-1.067671379,-0.683286487,1.498657596,1.20076115,5348,22,60,0.031234257,9158.49,25185.69,4044.96,2970.25,3940225,8464,9.3025,9.1809,81,3844,23040000,1225,1521,4.532599493
152,1,toyota corona,1,0,1,2,1,0,-0.508831281,-1.247181909,-1.078431005,0.31799159,-0.992601499,3,2,-0.84030995,1,-1.035434571,-0.720563129,-0.28834891,-1.067671379,-0.683286487,0.885740275,1.055192826,6338,22,57,0.030392157,9158.49,25185.69,4044.96,2970.25,4161600,8464,9.3025,9.1809,81,3844,23040000,961,1444,4.532599493
153,1,toyota corolla 1200,1,0,0,2,1,0,-0.508831281,-1.247181909,-1.078431005,0.31799159,-1.040733154,3,2,-0.84030995,1,-1.035434571,-0.720563129,-0.28834891,-1.067671379,-0.683286487,0.885740275,1.055192826,6488,22,53,0.030769231,9158.49,25185.69,4044.96,2970.25,4060225,8464,9.3025,9.1809,81,3844,23040000,961,1444,4.532599493
154,0,toyota corona hardtop,1,0,0,4,1,0,-0.508831281,-0.35339331,-1.078431005,2.205128593,-0.530537617,3,2,-0.84030995,1,-1.035434571,-0.720563129,-0.28834891,-1.067671379,-0.683286487,0.885740275,0.909624502,6918,22,58,0.027192982,9158.49,28798.09,4044.96,3492.81,5198400,8464,9.3025,9.1809,81,3844,23040000,961,1369,4.532599493
155,0,toyota corolla 1600 (sw),1,0,0,4,0,0,-0.508831281,-0.35339331,-1.078431005,2.205128593,-0.511284955,3,2,-0.84030995,1,-1.035434571,-0.720563129,-0.28834891,-1.067671379,-0.683286487,0.272822954,0.181782883,7898,22,54,0.027074236,9158.49,28798.09,4044.96,3492.81,5244100,8464,9.3025,9.1809,81,3844,23040000,729,1024,4.532599493
156,0,toyota carina,1,0,0,4,0,0,-0.508831281,-0.35339331,-1.078431005,2.205128593,1.067433309,3,2,-0.84030995,1,-1.035434571,-0.720563129,-0.28834891,-1.067671379,-0.683286487,0.272822954,0.181782883,8778,22,36,0.019935691,9158.49,28798.09,4044.96,3492.81,9672100,8464,9.3025,9.1809,81,3844,23040000,729,1024,4.532599493
157,0,toyota mark ii,1,0,0,3,1,0,-0.508831281,-0.629655241,-0.70459316,-0.297379171,-0.913665586,3,2,-0.695874338,1,-0.517265919,-0.720563129,-0.28834891,-0.8648707,-0.683286487,0.732510945,0.909624502,6938,22,93,0.033637674,9158.49,27655.69,4147.36,2809,4330561,9604,10.1761,9.1809,81,4900,23040000,900,1369,4.59511985
158,0,toyota corolla 1200,1,0,0,2,1,0,-0.508831281,-0.629655241,-0.70459316,-0.379428606,-0.859758133,3,2,-0.695874338,1,-0.517265919,-0.720563129,-0.28834891,-0.8648707,-0.683286487,0.732510945,0.909624502,7198,22,53,0.033191086,9158.49,27655.69,4147.36,2787.84,4447881,9604,10.1761,9.1809,81,4900,23040000,900,1369,4.59511985
159,0,toyota corona,0,0,0,3,1,0,-0.508831281,-0.629655241,-0.70459316,-0.297379171,-0.540163948,3,2,-0.407003114,3,-0.221169547,0.302352718,3.118728231,-1.219771888,-1.313775894,1.345428266,0.764056178,7898,22,57,0.024615385,9158.49,27655.69,4147.36,2809,5175625,12100,10.6929,11.2225,506.25,3136,20250000,1156,1296,4.709530201
160,0,toyota corolla,0,0,0,2,1,0,-0.508831281,-0.629655241,-0.70459316,-0.379428606,-0.540163948,3,2,-0.407003114,3,-0.221169547,0.302352718,3.118728231,-1.219771888,-1.313775894,1.958345587,2.365307741,7788,22,52,0.024615385,9158.49,27655.69,4147.36,2787.84,5175625,12100,10.6929,11.2225,506.25,3136,20250000,1444,2209,4.709530201
161,0,toyota corona,1,0,0,3,1,0,-0.508831281,-0.629655241,-0.70459316,-0.297379171,-0.888637126,3,2,-0.695874338,1,-0.517265919,-0.720563129,-0.28834891,-0.8648707,-0.683286487,1.958345587,2.365307741,7738,22,57,0.033428844,9158.49,27655.69,4147.36,2809,4384836,9604,10.1761,9.1809,81,4900,23040000,1444,2209,4.59511985
162,0,toyota corolla,1,0,0,2,1,0,-0.508831281,-0.629655241,-0.70459316,-0.379428606,-0.834729673,3,2,-0.695874338,1,-0.517265919,-0.720563129,-0.28834891,-0.8648707,-0.683286487,0.426052284,0.47291953,8358,22,52,0.032987747,9158.49,27655.69,4147.36,2787.84,4502884,9604,10.1761,9.1809,81,4900,23040000,784,1156,4.59511985
163,0,toyota mark ii,1,0,0,3,1,0,-0.508831281,-0.629655241,-0.70459316,-0.379428606,-0.800074882,3,2,-0.695874338,1,-0.517265919,-0.720563129,-0.28834891,-0.8648707,-0.683286487,0.426052284,0.47291953,9258,22,93,0.03271028,9158.49,27655.69,4147.36,2787.84,4579600,9604,10.1761,9.1809,81,4900,23040000,784,1156,4.59511985
164,1,toyota corolla liftback,1,0,1,3,2,0,-0.708595876,-0.434646819,-0.891512082,-0.461478041,-0.744242163,3,2,-0.695874338,1,-0.517265919,-0.720563129,-0.28834891,-0.8648707,-0.683286487,0.579281614,0.47291953,8058,22,55,0.032272937,8930.25,28459.69,4096,2766.76,4704561,9604,10.1761,9.1809,81,4900,23040000,841,1156,4.59511985
165,1,toyota corona,1,0,1,2,2,0,-0.708595876,-0.434646819,-0.891512082,-0.461478041,-0.676857847,3,2,-0.695874338,1,-0.517265919,-0.720563129,-0.28834891,-0.8648707,-0.683286487,0.579281614,0.47291953,8238,22,57,0.031760436,8930.25,28459.69,4096,2766.76,4857616,9604,10.1761,9.1809,81,4900,23040000,841,1156,4.59511985
166,1,toyota celica gt liftback,1,0,1,3,2,0,-0.708595876,-0.434646819,-0.891512082,-0.461478041,-0.55941661,0,2,-0.695874338,5,-0.332205686,-0.560732528,-0.187398476,0.199832864,3.099649954,0.119593624,-0.254922089,9298,22,39,0.049448124,8930.25,28459.69,4096,2766.76,5130225,9604,10.4976,9.4864,88.36,12544,43560000,676,841,4.59511985
167,1,toyota corolla tercel,1,0,1,2,2,0,-0.708595876,-0.434646819,-0.891512082,-0.461478041,-0.492032294,0,2,-0.695874338,5,-0.332205686,-0.560732528,-0.187398476,0.199832864,3.099649954,0.119593624,-0.254922089,9538,22,56,0.048695652,8930.25,28459.69,4096,2766.76,5290000,9604,10.4976,9.4864,88.36,12544,43560000,676,841,4.59511985
168,2,toyota corona liftback,1,0,1,1,2,0,-0.059360943,0.174754498,-0.143836391,-0.707626346,-0.029968412,3,2,0.459610557,5,1.074252084,0.781844521,-0.212636084,0.301233203,-0.683286487,-0.186865037,-0.109353765,8449,22,59,0.045669291,9682.56,31046.44,4303.36,2704,6451600,21316,13.1044,12.25,86.49,13456,23040000,576,900,4.990432587
169,2,toyota corolla,1,0,1,1,2,0,-0.059360943,0.174754498,-0.143836391,-0.707626346,-0.037669476,3,2,0.459610557,5,1.074252084,0.781844521,-0.212636084,0.301233203,-0.683286487,-0.186865037,-0.109353765,9639,22,52,0.045741325,9682.56,31046.44,4303.36,2704,6431296,21316,13.1044,12.25,86.49,13456,23040000,576,900,4.990432587
170,2,toyota starlet,1,0,1,2,2,0,-0.059360943,0.174754498,-0.143836391,-0.707626346,-0.008790484,3,2,0.459610557,5,1.074252084,0.781844521,-0.212636084,0.301233203,-0.683286487,-0.186865037,-0.109353765,9989,22,122,0.045472364,9682.56,31046.44,4303.36,2704,6507601,21316,13.1044,12.25,86.49,13456,23040000,576,900,4.990432587
171,2,toyota tercel,1,0,1,1,2,0,-0.059360943,0.174754498,-0.143836391,-0.707626346,0.237643587,3,2,0.459610557,5,1.074252084,0.781844521,-0.212636084,0.301233203,-0.683286487,-0.186865037,-0.109353765,11199,22,126,0.043299739,9682.56,31046.44,4303.36,2704,7177041,21316,13.1044,12.25,86.49,13456,23040000,576,900,4.990432587
172,2,toyota corolla,1,0,1,2,2,0,-0.059360943,0.174754498,-0.143836391,-0.707626346,0.305027903,3,2,0.459610557,5,1.074252084,0.781844521,-0.212636084,0.301233203,-0.683286487,-0.186865037,-0.109353765,11549,22,52,0.042741341,9682.56,31046.44,4303.36,2704,7365796,21316,13.1044,12.25,86.49,13456,23040000,576,900,4.990432587
173,2,toyota cressida,1,0,1,0,2,0,-0.059360943,0.174754498,-0.143836391,-0.297379171,0.807522375,3,2,0.459610557,5,1.074252084,0.781844521,-0.212636084,0.301233203,-0.683286487,-0.186865037,-0.109353765,17669,22,64,0.038991597,9682.56,31046.44,4303.36,2809,8850625,21316,13.1044,12.25,86.49,13456,23040000,576,900,4.990432587
174,-1,toyota corolla,1,0,0,3,1,0,0.606521041,0.126002393,0.276731186,0.48209046,-0.441975373,3,2,-0.118131891,5,-0.07312136,0.909709002,-0.364061735,-0.307168833,-1.944265301,0.579281614,0.47291953,8948,22,52,0.03955288,10485.76,30835.36,4422.25,3014.01,5410276,14884,10.9561,12.5316,75.69,8464,17640000,841,1156,4.812184355
175,-1,toyota celica gt,0,1,0,3,1,0,0.606521041,0.126002393,0.276731186,0.48209046,-0.145484382,3,2,-0.407003114,3,-0.221169547,0.302352718,3.118728231,-0.788820445,-1.313775894,0.732510945,0.327351206,10698,22,38,0.029435484,10485.76,30835.36,4422.25,3014.01,6150400,12100,10.6929,11.2225,506.25,5329,20250000,900,1089,4.709530201
176,-1,toyota corona,1,0,0,2,1,0,0.606521041,0.126002393,0.276731186,0.071843286,-0.27255195,3,2,-0.118131891,5,-0.07312136,0.909709002,-0.364061735,-0.307168833,-1.944265301,0.272822954,0.181782883,9988,22,57,0.038111019,10485.76,30835.36,4422.25,2905.21,5827396,14884,10.9561,12.5316,75.69,8464,17640000,729,1024,4.812184355
177,-1,toyota corolla,1,0,0,3,1,0,0.606521041,0.126002393,0.276731186,0.48209046,-0.27255195,3,2,-0.118131891,5,-0.07312136,0.909709002,-0.364061735,-0.307168833,-1.944265301,0.272822954,0.181782883,10898,22,52,0.038111019,10485.76,30835.36,4422.25,3014.01,5827396,14884,10.9561,12.5316,75.69,8464,17640000,729,1024,4.812184355
178,-1,toyota mark ii,1,0,0,2,1,0,0.606521041,0.126002393,0.276731186,0.071843286,-0.187840238,3,2,-0.118131891,5,-0.07312136,0.909709002,-0.364061735,-0.307168833,-1.944265301,0.272822954,0.181782883,11248,22,93,0.037428804,10485.76,30835.36,4422.25,2905.21,6041764,14884,10.9561,12.5316,75.69,8464,17640000,729,1024,4.812184355
179,3,toyota corolla liftback,1,0,1,2,2,0,0.689756289,0.767905114,0.837487955,-0.707626346,0.809447641,0,3,1.061425606,5,-0.221169547,0.302352718,-0.212636084,1.441987022,0.157366055,-0.799782358,-0.982763709,16558,22,55,0.054099462,10588.41,33672.25,4583.29,2704,8856576,29241,10.6929,11.2225,86.49,25921,27040000,400,576,5.147494477
180,3,toyota corona,1,0,1,2,2,0,0.689756289,0.767905114,0.837487955,-0.707626346,0.886458288,0,3,1.061425606,5,-0.221169547,0.302352718,-0.212636084,1.441987022,0.157366055,-0.953011688,-0.982763709,15998,22,57,0.053381963,10588.41,33672.25,4583.29,2704,9096256,29241,10.6929,11.2225,86.49,25921,27040000,361,576,5.147494477
181,-1,toyota starlet,1,0,0,3,2,0,0.956109082,1.117295202,0.276731186,0.153892721,1.107863898,0,3,1.061425606,5,-0.221169547,0.302352718,-0.237873693,1.315236598,0.157366055,-0.799782358,-0.982763709,15690,22,122,0.049824337,10920.25,35268.84,4422.25,2926.81,9803161,29241,10.6929,11.2225,84.64,24336,27040000,400,576,5.147494477
182,-1,toyouta tercel,1,0,0,4,2,0,0.956109082,1.117295202,0.276731186,0.153892721,1.146369222,0,3,0.820699586,5,-0.221169547,0.302352718,-0.237873693,1.315236598,0.157366055,-0.953011688,-0.982763709,15750,23,126,0.049508093,10920.25,35268.84,4422.25,2926.81,9928801,25921,10.6929,11.2225,84.64,24336,27040000,361,576,5.087596335
183,2,vokswagen rabbit,0,0,1,3,1,0,-0.242478488,-0.190886292,-0.190566121,0.8102882,-0.567117675,3,2,-0.71994694,3,-1.183482758,0.462183319,3.244916274,-1.321172227,-0.683286487,1.805116257,2.219739417,7775,24,110,0.022998673,9467.29,29480.89,4290.25,3102.49,5112121,9409,9.0601,11.56,529,2704,23040000,1369,2116,4.584967479
184,2,volkswagen 1131 deluxe sedan,1,0,1,3,1,0,-0.242478488,-0.190886292,-0.190566121,0.8102882,-0.667231516,3,2,-0.431075716,5,-0.517265919,0.462183319,-0.28834891,-0.484619427,0.262447623,0.272822954,0.47291953,7975,25,3,0.03847895,9467.29,29480.89,4290.25,3102.49,4879681,11881,10.1761,11.56,81,7225,27562500,729,1156,4.700480366
185,2,volkswagen model 111,0,0,0,3,1,0,-0.242478488,-0.190886292,-0.190566121,0.8102882,-0.561341876,3,2,-0.71994694,3,-1.183482758,0.462183319,3.244916274,-1.321172227,-0.683286487,1.805116257,2.219739417,7995,25,96,0.022968198,9467.29,29480.89,4290.25,3102.49,5125696,9409,9.0601,11.56,529,2704,23040000,1369,2116,4.584967479
186,2,volkswagen type 3,1,0,0,3,1,0,-0.242478488,-0.190886292,-0.190566121,0.8102882,-0.661455717,3,2,-0.431075716,5,-0.517265919,0.462183319,-0.28834891,-0.484619427,0.262447623,0.272822954,0.47291953,8195,25,130,0.038426763,9467.29,29480.89,4290.25,3102.49,4892944,11881,10.1761,11.56,81,7225,27562500,729,1156,4.700480366
187,2,volkswagen 411 (sw),1,0,0,3,1,0,-0.242478488,-0.190886292,-0.190566121,0.8102882,-0.540163948,3,2,-0.431075716,5,-0.517265919,0.462183319,-0.28834891,-0.484619427,0.262447623,0.272822954,0.47291953,8495,25,14,0.037362637,9467.29,29480.89,4290.25,3102.49,5175625,11881,10.1761,11.56,81,7225,27562500,729,1156,4.700480366
188,2,volkswagen super beetle,0,1,0,3,1,0,-0.242478488,-0.190886292,-0.190566121,0.8102882,-0.455452236,3,2,-0.71994694,3,-1.183482758,0.462183319,3.244916274,-0.91557087,-1.313775894,1.805116257,1.637466121,9495,25,124,0.029322984,9467.29,29480.89,4290.25,3102.49,5377761,9409,9.0601,11.56,529,4624,20250000,1369,1764,4.584967479
189,2,volkswagen dasher,1,0,0,3,1,0,-0.242478488,-0.190886292,-0.190566121,0.8102882,-0.492032294,3,2,-0.431075716,5,-0.517265919,0.462183319,-0.035972825,-0.104368154,0.787855462,0.119593624,0.181782883,9995,25,68,0.043478261,9467.29,29480.89,4290.25,3102.49,5290000,11881,10.1761,11.56,100,10000,30250000,676,1024,4.700480366
190,3,vw dasher,1,0,1,0,1,0,-0.708595876,-1.198429804,-0.798052621,0.769263482,-0.580594538,3,2,-0.431075716,5,-0.517265919,0.462183319,-0.414536952,-0.357869003,0.787855462,-0.186865037,-0.254922089,11595,27,68,0.039929015,8930.25,25376.49,4121.64,3091.36,5080516,11881,10.1761,11.56,72.25,8100,30250000,576,841,4.700480366
191,3,vw rabbit,1,0,1,2,1,0,-0.708595876,-0.678407346,-0.891512082,-0.953774651,-0.644128322,3,2,-0.431075716,5,-0.517265919,0.462183319,-0.414536952,-0.357869003,0.787855462,-0.186865037,-0.254922089,9980,27,110,0.040522287,8930.25,27456.49,4096,2641.96,4932841,11881,10.1761,11.56,72.25,8100,30250000,576,841,4.700480366
192,0,volkswagen rabbit,1,0,0,3,1,0,0.273580049,0.499768534,0.463650109,0.564139895,0.202988796,3,1,0.218884537,5,-0.517265919,0.462183319,-0.414536952,0.149132694,0.787855462,-0.953011688,-0.982763709,13295,25,110,0.041337843,10080.16,32472.04,4475.61,3036.01,7080921,18496,10.1761,11.56,72.25,12100,30250000,361,576,4.919980926
193,0,volkswagen rabbit custom,0,1,0,3,1,0,0.273580049,0.499768534,0.463650109,0.564139895,0.045116969,3,2,-0.71994694,3,-1.183482758,0.462183319,3.244916274,-0.91557087,-1.313775894,1.192198936,1.055192826,13845,25,111,0.026366809,10080.16,32472.04,4475.61,3036.01,6651241,9409,9.0601,11.56,529,4624,20250000,1089,1444,4.584967479
194,0,volkswagen dasher,1,0,0,4,1,0,0.273580049,0.73540371,0.463650109,0.564139895,0.01431271,3,2,-0.431075716,5,-0.517265919,0.462183319,-0.28834891,-0.408569172,0.787855462,-0.033635707,0.036214559,12290,25,68,0.034334764,10080.16,33525.61,4475.61,3036.01,6568969,11881,10.1761,11.56,81,7744,30250000,625,961,4.700480366
195,-2,volvo 145e (sw),1,0,0,3,2,0,0.922814983,1.198548711,0.603839301,1.015411787,0.686230606,3,2,0.339247547,5,1.666444829,-0.336969687,-0.162160868,0.250533034,0.577692327,-0.340094367,-0.400490413,12940,26,6,0.039148352,10878.49,35645.44,4515.84,3158.44,8479744,19881,14.2884,9.9225,90.25,12996,29160000,529,784,4.955827058
196,-1,volvo 144ea,1,0,0,4,2,0,0.922814983,1.198548711,0.603839301,1.548733114,0.921113079,3,2,0.339247547,5,1.666444829,-0.336969687,-0.162160868,0.250533034,0.577692327,-0.340094367,-0.400490413,13415,26,5,0.03757416,10878.49,35645.44,4515.84,3306.25,9205156,19881,14.2884,9.9225,90.25,12996,29160000,529,784,4.955827058
197,-2,volvo 244dl,1,0,0,3,2,0,0.922814983,1.198548711,0.603839301,1.015411787,0.730511728,3,2,0.339247547,5,1.666444829,-0.336969687,-0.162160868,0.250533034,0.577692327,-0.186865037,-0.400490413,15985,26,7,0.038841567,10878.49,35645.44,4515.84,3158.44,8614225,19881,14.2884,9.9225,90.25,12996,29160000,576,784,4.955827058
198,-1,volvo 245,1,0,0,4,2,0,0.922814983,1.198548711,0.603839301,1.548733114,0.936515209,3,2,0.339247547,5,1.666444829,-0.336969687,-0.162160868,0.250533034,0.577692327,-0.186865037,-0.400490413,16515,26,8,0.037475345,10878.49,35645.44,4515.84,3306.25,9253764,19881,14.2884,9.9225,90.25,12996,29160000,576,784,4.955827058
199,-2,volvo 264gl,1,1,0,3,2,0,0.922814983,1.198548711,0.603839301,1.015411787,0.942291007,3,2,0.074448925,5,1.074252084,-0.336969687,-0.666913037,1.467337107,-0.05279708,-1.259470349,-1.273900356,18420,26,10,0.05320197,10878.49,35645.44,4515.84,3158.44,9272025,16900,13.1044,9.9225,56.25,26244,26010000,289,484,4.875197323
200,-1,volvo diesel,1,1,0,4,2,0,0.922814983,1.198548711,0.603839301,1.548733114,1.157920819,3,2,0.074448925,5,1.074252084,-0.336969687,-0.666913037,1.467337107,-0.05279708,-1.259470349,-1.273900356,18950,26,70,0.051314539,10878.49,35645.44,4515.84,3306.25,9966649,16900,13.1044,9.9225,56.25,26244,26010000,289,484,4.875197323
201,-1,volvo 145e (sw),1,0,0,3,2,0,1.721873363,1.198548711,1.398244724,0.728238765,0.763241253,3,2,0.339247547,5,1.666444829,-0.336969687,-0.162160868,0.250533034,0.577692327,-0.340094367,-0.400490413,16845,26,6,0.038617886,11902.81,35645.44,4747.21,3080.25,8714304,19881,14.2884,9.9225,90.25,12996,29160000,529,784,4.955827058
202,-1,volvo 144ea,1,1,0,3,2,0,1.721873363,1.198548711,1.351514993,0.728238765,0.949992072,3,2,0.339247547,5,1.666444829,-0.336969687,-0.364061735,1.416636937,0.367529191,-0.953011688,-0.837195385,19045,26,5,0.052476222,11902.81,35645.44,4733.44,3080.25,9296401,19881,14.2884,9.9225,75.69,25600,28090000,361,625,4.955827058
203,-1,volvo 244dl,1,0,0,3,2,0,1.721873363,1.198548711,1.398244724,0.728238765,0.878757223,5,3,1.10957081,5,0.926203897,-1.232021053,-0.338824127,0.757534731,0.787855462,-1.106241019,-1.128332032,21485,26,7,0.044488712,11902.81,35645.44,4747.21,3080.25,9072144,29929,12.8164,8.2369,77.44,17956,30250000,324,529,5.159055299
204,-1,volvo 246,0,1,0,3,2,0,1.721873363,1.198548711,1.398244724,0.728238765,1.273436789,3,3,0.435537955,3,-1.183482758,0.462183319,3.244916274,0.047732355,-0.683286487,0.119593624,-0.546058737,22470,26,9,0.032949953,11902.81,35645.44,4747.21,3080.25,10349089,21025,9.0601,11.56,529,11236,23040000,676,729,4.983606622
205,-1,volvo 264gl,1,1,0,3,2,0,1.721873363,1.198548711,1.398244724,0.728238765,0.975020532,3,2,0.339247547,5,1.666444829,-0.336969687,-0.162160868,0.250533034,0.577692327,-0.953011688,-0.837195385,22625,26,10,0.037230568,11902.81,35645.44,4747.21,3080.25,9375844,19881,14.2884,9.9225,90.25,12996,29160000,361,625,4.955827058